title,company,location,salary,skills,description_snippet,url,full_description
"Data Analyst Intern/Co-Op (Undergrad | Fall, 2025 | Onsite/Hybrid | 4 months)",Advanced Micro Devices,Markham,$45K - $71K (Employer provided),"Power BI, Azure, Oracle, Kubernetes, R","Data Analyst Intern/Co-Op (Undergrad | Fall, 2025 | Onsite/Hybrid | 4 months) MARKHAM, Canada Student / Intern / Temp 64971 CAD $44,500.00/Yr. CAD $71,000.00/Yr. Job Description WHAT YOU DO AT AMD CHANGES EVERYTHING We care deeply about transforming lives with AMD technology to enrich our industry, our communities, and the world. Our mission is to build great products that accelerate next-generation computing experiences – the building blocks for the data center, artificial intelligence, PCs, gaming and embedded. Underpinning our mission is the AMD culture. We push the limits of innovation to solve the world’s most important challenges. We strive for execution excellence while being direct, humble, collaborative, and inclusive of diverse perspectives.","https://www.glassdoor.ca/job-listing/data-analyst-intern-co-op-undergrad-fall-2025-onsite-hybrid-4-months-advanced-micro-devices-JV_IC2280736_KO0,68_KE69,91.htm?jl=1009760823535","Data Analyst Intern/Co-Op (Undergrad | Fall, 2025 | Onsite/Hybrid | 4 months) MARKHAM, Canada Student / Intern / Temp 64971 CAD $44,500.00/Yr. CAD $71,000.00/Yr. Job Description WHAT YOU DO AT AMD CHANGES EVERYTHING We care deeply about transforming lives with AMD technology to enrich our industry, our communities, and the world. Our mission is to build great products that accelerate next-generation computing experiences – the building blocks for the data center, artificial intelligence, PCs, gaming and embedded. Underpinning our mission is the AMD culture. We push the limits of innovation to solve the world’s most important challenges. We strive for execution excellence while being direct, humble, collaborative, and inclusive of diverse perspectives."
"Junior Conversational AI Design, Intern",Cresta Intelligence,Toronto,$30.00 - $50.00 Per hour (Employer provided),"Natural language processing, AI, Communication skills, Python, Linguistics","Are you interested in defining how Generative AI will shape the future of work? We are a Silicon Valley Series D startup, spun out of the Stanford AI lab and are co-founded by Sebastian Thrun, co-founder and CEO of Google-X, Waymo, Udacity, Kitty Hawk, and more. Cresta launched in 2020. Since then, we've grown revenue and our team by 300% and became officially a Unicorn. We've assembled a world-class team of AI and ML experts, go-to-market leaders, top-tier investors, and advisors including Andreessen Horowitz, Greylock Partners, Sequoia Capital, Tiger Global, and former AT&T CEO John Donovan. Our valued customers include brands like Intuit, Porsche, Holiday Inn, and Dropbox and we have been recognized as a startup to watch by Business Insider, Forbes, and Gartner to name a few. Cresta is on a mission to make every knowledge worker 100x as effective, 10x faster, and 10x better. We apply AI to improve Call Center operations using our patented real-time coaching platform. We provide dynamic, live guidance to every agent based on the best practices of the top performers. As part of Cresta's Conversation Design team, you will assist in designing high quality AI conversation models that offer real-time coaching and assistance for our customers' contact center agents, and designing conversational experiences for virtual agents for both voice and chat. The role is highly collaborative and will require that you work closely with cross-functional team members from Machine Learning, Data Science, Program Management, Customer Success, Product Leadership, and Engineering. You may also work directly with customers to get alignment on our overall solution design and to enable customers to build their own models using Cresta Opera, our proprietary self-service tool.","https://www.glassdoor.ca/job-listing/junior-conversational-ai-design-intern-cresta-intelligence-JV_IC2281069_KO0,38_KE39,58.htm?jl=1009758778022","Are you interested in defining how Generative AI will shape the future of work? We are a Silicon Valley Series D startup, spun out of the Stanford AI lab and are co-founded by Sebastian Thrun, co-founder and CEO of Google-X, Waymo, Udacity, Kitty Hawk, and more. Cresta launched in 2020. Since then, we've grown revenue and our team by 300% and became officially a Unicorn. We've assembled a world-class team of AI and ML experts, go-to-market leaders, top-tier investors, and advisors including Andreessen Horowitz, Greylock Partners, Sequoia Capital, Tiger Global, and former AT&T CEO John Donovan. Our valued customers include brands like Intuit, Porsche, Holiday Inn, and Dropbox and we have been recognized as a startup to watch by Business Insider, Forbes, and Gartner to name a few. Cresta is on a mission to make every knowledge worker 100x as effective, 10x faster, and 10x better. We apply AI to improve Call Center operations using our patented real-time coaching platform. We provide dynamic, live guidance to every agent based on the best practices of the top performers. As part of Cresta's Conversation Design team, you will assist in designing high quality AI conversation models that offer real-time coaching and assistance for our customers' contact center agents, and designing conversational experiences for virtual agents for both voice and chat. The role is highly collaborative and will require that you work closely with cross-functional team members from Machine Learning, Data Science, Program Management, Customer Success, Product Leadership, and Engineering. You may also work directly with customers to get alignment on our overall solution design and to enable customers to build their own models using Cresta Opera, our proprietary self-service tool."
Data Science/ Machine Learning Co-op (8 Month - Hybrid),Oncoustics,Toronto,$55K - $155K (Glassdoor Est.),"MATLAB, Signal processing, Python","TORONTO: RESEARCH AND DEVELOPMENT - FULL TIME Job Description Oncoustics is a start-up that uses AI on ultrasound data to help find disease. We are looking to hire a student for an 8 month Co-Op term. Eligible applicants should be in their second year or beyond in a computer engineering or medical based field, and have some programming experience. Specifics of the opportunity include: Responsibility Learn the basics and help in the construction of ML models for classification and object detection Assisting in and learning the tools to feature engineering and signal processing to improve data quality","https://www.glassdoor.ca/job-listing/data-science-machine-learning-co-op-8-month-hybrid-oncoustics-JV_IC2281069_KO0,50_KE51,61.htm?jl=1009687679922","TORONTO: RESEARCH AND DEVELOPMENT - FULL TIME Job Description Oncoustics is a start-up that uses AI on ultrasound data to help find disease. We are looking to hire a student for an 8 month Co-Op term. Eligible applicants should be in their second year or beyond in a computer engineering or medical based field, and have some programming experience. Specifics of the opportunity include: Responsibility Learn the basics and help in the construction of ML models for classification and object detection Assisting in and learning the tools to feature engineering and signal processing to improve data quality"
Data Scientist Intern,Interac Corp.,Toronto,Not specified,"Oracle, Data mining, Data analysis skills, Databases, SQL","Data Scientist Intern At Interac, we design and deliver products and solutions that give Canadians control over their money so they can get more out of life. But that’s not all. Whether we’re leading real-time money movement, driving innovative commerce solutions like open payments for transit systems, or making advancements in new areas like verification and open banking, we are playing a key role in shaping the future of the digital economy in Canada. Want to make a lasting impact amongst a community of creative thinkers, problem solvers, technical gurus and high-performance application developers? We want to hear from you. Join our dynamic and innovative Fraud Analytics team, where we are committed to safeguarding millions of Canadians from fraudulent activities across various Interac products and business. We leverage advanced data analytics and cutting-edge technology to stay ahead of fraud trends. We are looking for a talented Data Scientist Intern to drive our fraud detection efforts through actionable insights, robust data solutions, and collaborative research.","https://www.glassdoor.ca/job-listing/data-scientist-intern-interac-corp-JV_IC2281069_KO0,21_KE22,34.htm?jl=1009804208977","Data Scientist Intern At Interac, we design and deliver products and solutions that give Canadians control over their money so they can get more out of life. But that’s not all. Whether we’re leading real-time money movement, driving innovative commerce solutions like open payments for transit systems, or making advancements in new areas like verification and open banking, we are playing a key role in shaping the future of the digital economy in Canada. Want to make a lasting impact amongst a community of creative thinkers, problem solvers, technical gurus and high-performance application developers? We want to hear from you. Join our dynamic and innovative Fraud Analytics team, where we are committed to safeguarding millions of Canadians from fraudulent activities across various Interac products and business. We leverage advanced data analytics and cutting-edge technology to stay ahead of fraud trends. We are looking for a talented Data Scientist Intern to drive our fraud detection efforts through actionable insights, robust data solutions, and collaborative research."
"Amazon Robotics - Applied Scientist I Intern / Co-op - 2025, Scanless Technologies","Amazon Canada Fulfillment Services, ULC - B85",Toronto,$157K - $192K (Glassdoor Est.),"Research, Java, C++, Machine learning, Algorithm design","- Currently enrolled in a Master's or PhD program in Computer Science, Robotics, Engineering, Machine Learning, Operations Research, Mathematics, or a related quantitative field - Degree program must be based in Canada with an expected graduation of December 2025 or later - Must be eligible for and available for full-time (40 hours per week) internship in person based out of the assigned office location for the whole duration of the internship/co-op - Relevant academic research or industry experience within Robotics, Computer Vision, Machine Learning, Optimization, Manipulation, Perception, Motion Planning and Controls, Movement, Autonomous Navigation, Path Planning, or related - Experience programming in Java, C++, Python, or related Are you inspired by invention? Is problem solving through teamwork in your DNA? Do you like the idea of seeing how your work impacts the bigger picture? Answer yes to any of these and you’ll fit right in here at Amazon Robotics. We are a smart team of doers that work passionately to apply cutting edge advances in robotics and software to solve real-world challenges that will transform our customers’ experiences in ways we can’t even imagine yet. We invent new improvements every day. We are Amazon Robotics and we will give you the tools and support you need to invent with us in ways that are rewarding, fulfilling and fun. Amazon Robotics is seeking Applied Science Interns and Co-ops with a passion for robotic research to work on cutting edge algorithms for robotics. Our team works on challenging and high-impact projects within robotics. Examples of projects include allocating resources to complete a million orders a day, coordinating the motion of thousands of robots, autonomous navigation in warehouses, identifying objects and damage, and learning how to grasp all the products Amazon sells. As an Applied Science Intern/Co-op at Amazon Robotics, you will be working on one or more of our robotic technologies such as autonomous mobile robots, robot manipulators, and computer vision identification technologies. The intern/co-op project(s) and the internship/co-op location are determined by the team the student will be working on. Please note that by applying to this role you would be considered for Applied Scientist summer intern, spring co-op, and fall co-op roles on various Amazon Robotics teams. These teams work on robotics research within areas such as computer vision, machine learning, robotic manipulation, navigation, path planning, perception, optimization and more. Learn more about Amazon Robotics: https://amazon.jobs/en/teams/amazon-robotics","https://www.glassdoor.ca/job-listing/amazon-robotics-applied-scientist-i-intern-co-op-2025-scanless-technologies-amazon-canada-fulfillment-services-ulc-b85-JV_IC2281069_KO0,75_KE76,118.htm?jl=1009693498246","- Currently enrolled in a Master's or PhD program in Computer Science, Robotics, Engineering, Machine Learning, Operations Research, Mathematics, or a related quantitative field - Degree program must be based in Canada with an expected graduation of December 2025 or later - Must be eligible for and available for full-time (40 hours per week) internship in person based out of the assigned office location for the whole duration of the internship/co-op - Relevant academic research or industry experience within Robotics, Computer Vision, Machine Learning, Optimization, Manipulation, Perception, Motion Planning and Controls, Movement, Autonomous Navigation, Path Planning, or related - Experience programming in Java, C++, Python, or related Are you inspired by invention? Is problem solving through teamwork in your DNA? Do you like the idea of seeing how your work impacts the bigger picture? Answer yes to any of these and you’ll fit right in here at Amazon Robotics. We are a smart team of doers that work passionately to apply cutting edge advances in robotics and software to solve real-world challenges that will transform our customers’ experiences in ways we can’t even imagine yet. We invent new improvements every day. We are Amazon Robotics and we will give you the tools and support you need to invent with us in ways that are rewarding, fulfilling and fun. Amazon Robotics is seeking Applied Science Interns and Co-ops with a passion for robotic research to work on cutting edge algorithms for robotics. Our team works on challenging and high-impact projects within robotics. Examples of projects include allocating resources to complete a million orders a day, coordinating the motion of thousands of robots, autonomous navigation in warehouses, identifying objects and damage, and learning how to grasp all the products Amazon sells. As an Applied Science Intern/Co-op at Amazon Robotics, you will be working on one or more of our robotic technologies such as autonomous mobile robots, robot manipulators, and computer vision identification technologies. The intern/co-op project(s) and the internship/co-op location are determined by the team the student will be working on. Please note that by applying to this role you would be considered for Applied Scientist summer intern, spring co-op, and fall co-op roles on various Amazon Robotics teams. These teams work on robotics research within areas such as computer vision, machine learning, robotic manipulation, navigation, path planning, perception, optimization and more. Learn more about Amazon Robotics: https://amazon.jobs/en/teams/amazon-robotics"
Fall 2025 Generative AI Co-op (Sept - Dec 2025 term),CGI,Toronto,$80K - $85K (Glassdoor Est.),"Azure, Google Cloud Platform, Databases, SQL, AWS","Category: Software Development/ Engineering Main location: Canada, Toronto Position ID: J0625-1438 Employment Type: Student Internship Position Description: Start Date: Sep 02 2025 Application Deadline Date: 9 July 2025 Are you a Generative AI or Data Science candidate that has not just played around with Large Language Models, Copilots and Coding Assistants but also been curious enough to build some GenAI solutions hands-on? ** Some hands-on development experience in Generative AI projects is highly desired** The Emerging Technologies team in Global Technology and Operations (GTO) Canada at CGI is a trusted Data, Cloud and AI advisor and go-to implementation partner for our global clients' Data and Advanced Analytics needs. We're an entrepreneurial team that is on a continuous mission to position CGI as the best-in-class AI partner and develop new and exciting opportunities in latest technologies. Working with us, you will be supported by our best and brightest AI Scientists and Architects working on challenging projects in Generative AI and Agentic AI. Perks of Being a CGI Co-op: To learn more about CGI and hear from our Co-ops and New Grads, visit www.cgi.com/startmycareer","https://www.glassdoor.ca/job-listing/fall-2025-generative-ai-co-op-sept-dec-2025-term-cgi-JV_IC2281069_KO0,48_KE49,52.htm?jl=1009793453022","Category: Software Development/ Engineering Main location: Canada, Toronto Position ID: J0625-1438 Employment Type: Student Internship Position Description: Start Date: Sep 02 2025 Application Deadline Date: 9 July 2025 Are you a Generative AI or Data Science candidate that has not just played around with Large Language Models, Copilots and Coding Assistants but also been curious enough to build some GenAI solutions hands-on? ** Some hands-on development experience in Generative AI projects is highly desired** The Emerging Technologies team in Global Technology and Operations (GTO) Canada at CGI is a trusted Data, Cloud and AI advisor and go-to implementation partner for our global clients' Data and Advanced Analytics needs. We're an entrepreneurial team that is on a continuous mission to position CGI as the best-in-class AI partner and develop new and exciting opportunities in latest technologies. Working with us, you will be supported by our best and brightest AI Scientists and Architects working on challenging projects in Generative AI and Agentic AI. Perks of Being a CGI Co-op: To learn more about CGI and hear from our Co-ops and New Grads, visit www.cgi.com/startmycareer"
"Intern, Supplier Management (Fall 2025)",Bombardier,Mississauga,Not specified,"TensorFlow, Power BI, Microsoft Access, Azure, Procurement","Innovation is in our DNA… is it in yours? Bombardier is a global leader in aviation, creating innovative and game-changing planes. Our products and services provide world-class experiences that set new standards in passenger comfort, energy efficiency, reliability and safety. We are a global organization focused on working together with a team spirit. Your boarding pass will include… Several conferences, including: Meet An Executive Women Taking Flight Learning more about Bombardier, including:","https://www.glassdoor.ca/job-listing/intern-supplier-management-fall-2025-bombardier-JV_IC2280741_KO0,36_KE37,47.htm?jl=1009802316380","Innovation is in our DNA… is it in yours? Bombardier is a global leader in aviation, creating innovative and game-changing planes. Our products and services provide world-class experiences that set new standards in passenger comfort, energy efficiency, reliability and safety. We are a global organization focused on working together with a team spirit. Your boarding pass will include… Several conferences, including: Meet An Executive Women Taking Flight Learning more about Bombardier, including:"
"Business Development, Tech & A.I. Integration Intern",The Harris Brand,Mississauga,Not specified,"CRM software, Digital marketing, APIs","About Us Harris Brand Inc. is an innovative, multi-platform education, mentorship, and consulting company, dedicated to empowering student-athletes and youth through a holistic blend of academic support, personal branding, athletic guidance, and career navigation. The Harris Brand Foundation, registered in Mississauga since 2014, is a non-profit committed to advancing education, health, and wealth equity for at-risk and student-athlete populations. We offer scholarships, bursaries (e.g., $2,500 awards for local student-athletes) , and run signature mentorship programs. What We're Looking For Senior undergrad (Business, Computer Science, Engineering, Data Science, or related) or recent grad.","https://www.glassdoor.ca/job-listing/business-development-tech-ai-integration-intern-the-harris-brand-JV_IC2280741_KO0,47_KE48,64.htm?jl=1009793889072","About Us Harris Brand Inc. is an innovative, multi-platform education, mentorship, and consulting company, dedicated to empowering student-athletes and youth through a holistic blend of academic support, personal branding, athletic guidance, and career navigation. The Harris Brand Foundation, registered in Mississauga since 2014, is a non-profit committed to advancing education, health, and wealth equity for at-risk and student-athlete populations. We offer scholarships, bursaries (e.g., $2,500 awards for local student-athletes) , and run signature mentorship programs. What We're Looking For Senior undergrad (Business, Computer Science, Engineering, Data Science, or related) or recent grad."
Intern Business Intelligence Analyst,NexGen Tech Solutions,Hamilton,Not specified,"Power BI, Business intelligence, Spark, Data analysis skills, Tableau","Published June 3, 2025 Location Hamilton, ON, Canada Category Default Job Type Internship Experience 2+ Years Description","https://www.glassdoor.ca/job-listing/intern-business-intelligence-analyst-nexgen-tech-solutions-JV_IC2285197_KO0,36_KE37,58.htm?jl=1009766614676","Published June 3, 2025 Location Hamilton, ON, Canada Category Default Job Type Internship Experience 2+ Years Description"
